id;name;picture;picture_content_type;birthday;sign;user_id
1;evolve deposit asynchronous;../fake-data/blob/hipster.png;image/png;2021-09-11T10:25:07;state Camiseta Communications;circuit Reverse-engineered infomediaries
2;Síria;../fake-data/blob/hipster.png;image/png;2021-09-10T20:05:08;caramelo system bottom-line;Pequeno
3;mão Toalhas;../fake-data/blob/hipster.png;image/png;2021-09-10T18:51:59;invoice function Índia;vertical
4;Gostoso Madeira;../fake-data/blob/hipster.png;image/png;2021-09-10T21:24:56;deposit;calculating de navigating
5;Metal payment Esportes;../fake-data/blob/hipster.png;image/png;2021-09-11T01:53:50;Monitored;Frango synthesizing
6;International;../fake-data/blob/hipster.png;image/png;2021-09-11T04:46:33;Strategist Marginal;enterprise artificial pele
7;connect;../fake-data/blob/hipster.png;image/png;2021-09-11T12:43:22;backing;hack
8;moratorium;../fake-data/blob/hipster.png;image/png;2021-09-11T05:23:59;microchip Kwanza Devolved;Namibia wireless Savings
9;Ferramentas Toalhas Avenida;../fake-data/blob/hipster.png;image/png;2021-09-10T23:19:54;synthesizing cobre;functionalities Grosso Ferramentas
10;Ameliorated;../fake-data/blob/hipster.png;image/png;2021-09-11T11:07:58;bottom-line;pricing
