id;name;picture;picture_content_type;birthday;sign
1;connecting microchip;../fake-data/blob/hipster.png;image/png;2021-09-07T09:48:30;navigate
2;Self-enabling;../fake-data/blob/hipster.png;image/png;2021-09-06T20:06:30;HDD Fresh intangible
3;THX applications hacking;../fake-data/blob/hipster.png;image/png;2021-09-07T10:06:26;Account Cambridgeshire Books
4;Carolina;../fake-data/blob/hipster.png;image/png;2021-09-07T05:21:09;Legacy invoice
5;strategy primary copy;../fake-data/blob/hipster.png;image/png;2021-09-06T17:36:05;port
6;Borders;../fake-data/blob/hipster.png;image/png;2021-09-07T00:32:29;Product deposit
7;moderator Accounts magnetic;../fake-data/blob/hipster.png;image/png;2021-09-07T07:49:50;Future-proofed multi-byte Awesome
8;back-end disintermediate;../fake-data/blob/hipster.png;image/png;2021-09-07T06:25:24;cross-media Buckinghamshire customized
9;SDD cross-platform;../fake-data/blob/hipster.png;image/png;2021-09-07T00:04:15;Salvador Practical Florida
10;index array;../fake-data/blob/hipster.png;image/png;2021-09-07T10:48:26;Computer Cotton user-centric
